,Date,SM-BO,SM-MZ,MAT-NIF,SFA,DSP,C2 Sup,C4 inf,C5 supA,C5 inf,C6 s+m,C6 inf,BPL,MgO,Fe2O3,SiO2,CO2,BPLnif,MgOnif,Fe2O3nif,SiO2nif,CO2nif
0,Date,SM-BO,SM-MZ,MAT-NIF,SFA,DSP,C2 Sup,C4 inf,C5 supA,C5 inf,C6 s+m,C6 inf,BPL,MgO,Fe2O3,SiO2,CO2,BPL,MgO,Fe2O3,SiO2,CO2
1,1-janv.,0,16,0,0,0,0,0,0,33,28,23,53.22,1.3,0,12.85,8.92,53.84,1.24,0.32,12.85,7.97
2,2-janv.,0,31,0,0,0,0,0,0,26,22,21,52.81,1.31,0,13.23,9.21,53.41,1.36,0.3,13.63,7.9
3,3-janv.,0,20,0,0,0,0,14,0,21,27,18,53.64,1.27,0,13.57,8.54,50.69,1.3,0.31,12.41,9.84
4,4-janv.,0,17,0,0,0,0,6,0,29,26,23,53.55,1.3,0,13.14,8.74,53.09,1.51,0.32,13.75,8.16
5,5-janv.,0,26,0,0,0,0,12,0,21,21,21,53.44,1.35,0,13.63,8.72,54.6,0.98,0.33,13.57,7.54
6,6-janv.,0,29,0,0,0,0,7,0,22,20,22,53.1,1.33,0,13.51,8.91,57.22,1.04,0.28,11.26,7.01
7,7-janv.,0,45,0,0,0,0,4,0,16,25,11,52.56,1.35,0,11.11,8.88,57.37,1.17,0.29,11.02,7.17
8,8-janv.,0,58,0,0,0,0,0,0,7,23,12,51.96,1.33,0,11.42,8.88,55.17,1.27,0.29,12.35,8.28
9,9-janv.,0,54,0,0,0,0,6,0,9,23,8,52.48,1.29,0,11.12,8.73,51.75,1.32,0.31,12.4,9.35
10,10-janv.,0,74,0,0,0,0,0,0,4,22,0,51.04,1.38,0,11.78,9.38,49.79,0.87,0.3,14,9.01
11,11-janv.,0,44,0,0,0,0,8,0,6,34,8,53.37,1.15,0,12.9,8.22,55.14,1.71,0.28,12.46,7.46
12,12-janv.,0,32,0,0,0,0,5,0,21,24,18,52.8,1.33,0,12.27,8.91,57.81,1.29,0.29,10.62,6.98
13,13-janv.,0,43,0,0,0,0,0,0,14,25,18,52.57,1.28,0,12.73,8.83,54.9,1.69,0.3,12.17,7.46
14,14-janv.,0,46,0,0,0,0,0,0,16,20,18,52.12,1.36,0,12.87,9.05,55.04,1.46,0.3,12.85,7.62
15,15-janv.,0,42,0,0,0,0,0,0,18,24,15,52.29,1.34,0,12.53,9.04,53.07,1.71,0.31,12.24,9
16,16-janv.,0,36,0,0,0,0,0,0,19,32,12,52.78,1.33,0,11.86,9.05,55.87,1.57,0.29,12.51,8.3
17,17-janv.,0,55,0,0,0,0,0,0,3,25,17,52.68,1.28,0,12.82,8.95,55.78,1.25,0.33,12.82,7.91
18,18-janv.,0,35,0,0,0,0,0,0,23,24,19,53.2,1.38,0,12.53,9.01,53,1.44,0.34,12.8,8.6
19,19-janv.,0,45,0,0,0,0,0,0,22,20,13,52.71,1.41,0,12.43,9.2,54.19,0.98,0.3,12.7,8.05
20,20-janv.,0,33,0,0,0,0,0,17,14,27,9,52.52,1.49,0,13.34,9.02,54.99,1.2,0.29,12,7.88
21,21-janv.,0,39,0,0,0,0,0,16,24,22,0,51.5,1.63,0,12.24,9.79,51.86,1.62,0.34,10.77,9.6
22,22-janv.,0,49,0,0,0,0,0,7,18,26,0,52.14,1.47,0,12.74,9.24,53.1,1.45,0.34,12.96,7.54
23,23-janv.,0,38,0,0,0,0,0,4,21,28,10,52.52,1.65,0,12.83,9.44,54.39,1.66,0.32,10.96,9.09
24,24-janv.,0,31,0,0,0,0,6,11,7,38,7,53.42,1.48,0,13.22,8.59,54.01,1.9,0.34,12.15,8.28
25,25-janv.,0,30,0,0,0,0,0,0,29,31,10,53.77,1.49,0,12.08,8.84,58.25,1.6,0.31,11.27,7.79
26,26-janv.,0,27,0,0,0,0,0,10,12,33,18,53.67,1.43,0,13.12,8.39,59.39,1.5,0.32,10.86,7.24
27,27-janv.,0,37,0,0,0,0,0,18,0,30,15,53.49,1.5,0,13.57,8.13,58.23,1.46,0.31,10.43,7.04
28,28-janv.,0,32,0,0,0,0,16,7,0,31,14,54.85,1.37,0,11.97,7.49,54.69,1.49,0.33,12.24,8.23
29,29-janv.,0,44,0,0,0,0,14,0,0,27,15,54.5,1.29,0,11.79,7.6,58.58,1.23,0.32,12.02,6.54
30,30-janv.,0,40,0,0,0,0,0,19,0,27,14,52.99,1.45,0,12.58,8.36,56.03,1.87,0.33,11.39,9.02
31,31-janv.,0,39,0,0,0,0,0,20,0,28,13,53.99,1.42,0,13.58,7.99,59.37,1.27,0.34,12.62,7.3
32,1-févr.,0,43,0,0,0,0,0,15,0,20,21,53.31,1.55,0,12.36,8.03,53.75,1.58,0.3,9.9,9.22
33,2-févr.,0,37,0,0,0,0,0,30,0,25,9,53.22,1.71,0,12.12,8.2,56.36,1.28,0.29,0,8.2
34,3-févr.,0,28,0,0,0,0,0,16,0,33,24,53.8,1.32,0,12.5,7.72,58.1,1.11,0.27,0,6.83
35,4-févr.,0,45,0,0,0,0,0,20,0,21,13,52.92,1.57,0,12.49,8.38,57.1,1.4,0.33,0,7.57
36,5-févr.,0,52,0,0,0,0,0,21,0,16,10,53.18,1.68,0,12.84,8.05,52.89,2.11,0.34,0,8.94
37,6-févr.,0,56,0,0,0,0,0,17,0,13,13,53.32,1.66,0,13.2,7.94,50.77,1.66,0.33,0,9.63
38,7-févr.,0,66,0,0,0,0,0,5,0,18,11,53.3,1.61,0,12.99,7.79,51.9,1.83,0.31,12.37,9.49
39,8-févr.,0,47,0,0,0,0,0,17,0,22,14,52.35,1.64,0,12.87,8.93,50.91,1.85,0.3,13.81,9.84
40,9-févr.,0,44,0,0,0,0,0,9,8,28,12,52.47,1.65,0,12.51,9.01,53.78,1.72,0.3,13.34,7.88
41,10-févr.,0,34,0,0,0,0,0,0,20,30,16,53.07,1.55,0,12.59,8.74,51.95,1.68,0.28,14.37,8.4
42,11-févr.,0,43,0,0,0,0,0,0,17,18,22,52.99,1.6,0,12.71,8.84,53.01,1.14,0.31,13.77,8.34
43,12-févr.,0,34,0,0,0,0,0,0,21,23,22,53.7,1.54,0,12.92,8.51,51.88,1.55,0.32,12.84,8.04
44,13-févr.,0,43,0,0,0,0,0,0,16,20,21,53.34,1.58,0,12.96,8.61,56.77,1.17,0.3,0,7.35
45,14-févr.,0,47,0,0,0,0,0,8,15,22,9,52.24,1.86,0,13.14,9.11,55.36,1.38,0.29,0,7.49
46,15-févr.,0,44,0,0,0,0,0,18,0,21,17,52.58,1.63,0,12.96,8.98,59.77,1.21,0.33,8.79,6.4
47,16-févr.,0,70,0,0,0,0,0,0,7,14,9,52.07,1.59,0,12.59,8.98,53.67,1.48,0.34,12.97,8.57
48,17-févr.,0,52,0,0,0,0,0,0,15,17,17,52.98,1.67,0,12.77,8.8,54.47,1.47,0.3,13.44,7.86
49,18-févr.,0,47,0,0,0,0,0,0,14,24,15,53.23,1.6,0,12.88,8.64,53,1.52,0.29,14.08,7.49
50,19-févr.,0,47,0,0,0,0,0,0,14,24,15,53,1.64,0,12.68,8.89,56.96,1.5,0.3,11.52,6.81
51,20-févr.,0,43,0,0,0,0,0,0,14,32,10,52.83,1.59,0,12.58,8.87,50.72,1.73,0.32,12.53,8.09
52,21-févr.,0,56,0,0,0,0,0,0,3,32,9,52.29,1.48,0,13.25,8.47,57.21,1.63,0.3,11.78,8.46
53,22-févr.,0,28,0,0,0,0,0,0,22,26,24,53.57,1.46,0,13.65,7.79,53.99,1.41,0.33,13.44,7.52
54,23-févr.,0,40,0,0,0,0,2,0,16,24,18,53.19,1.42,0,14.07,8.05,53.99,1.44,0.31,14.88,7.57
55,24-févr.,0,35,0,0,0,0,0,0,21,20,24,53.07,1.54,0,14.05,8.2,52.25,1.39,0.3,13.34,7.98
56,25-févr.,0,33,0,0,0,0,0,0,20,23,24,53.25,1.55,0,14.16,8.22,51.57,1.85,0.29,16.58,7.81
57,26-févr.,0,42,0,0,0,0,0,0,16,26,17,52.86,1.46,0,13.98,8.17,52.43,1.15,0,15.64,7.25
58,27-févr.,0,49,0,0,0,0,0,17,0,19,15,51.72,1.63,0,13.22,8.32,52.23,1.85,0,14.04,9.08
59,28-févr.,0,77,0,0,0,0,0,0,10,12,1,50.86,1.39,0,13.02,8.34,53.93,1.76,0.32,13.2,7.52
60,1-mars,0,48,0,0,0,0,0,14,0,23,15,52.21,1.51,0,13.83,8.24,53.73,1.92,0.3,12.92,7.2
61,2-mars,0,35,0,0,0,0,7,11,8,25,13,52.99,1.39,0,13.36,7.9,50.17,2.1,0.3,12.86,8.28
62,3-mars,0,39,0,0,0,0,5,0,18,29,9,53.12,1.4,0,12.82,7.94,50.65,1.69,0.29,13.5,8.54
63,4-mars,0,37,0,0,0,0,0,15,3,38,8,52.95,1.54,0,12.05,8.1,54.09,1.51,0.3,13.35,8.23
64,5-mars,0,53,0,0,0,0,0,10,6,17,14,52.06,1.48,0,13.37,8.32,51.79,1.63,0.31,15.04,9.26
65,6-mars,0,45,0,0,0,0,24,13,0,16,3,51.53,1.53,0,15.16,8.07,48.28,1.92,0.29,15.03,9.29
66,7-mars,0,51,0,0,0,0,5,0,4,26,14,52.3,1.38,0,14.4,7.73,53.68,1.5,0.28,15.44,7.71
67,8-mars,0,24,0,0,0,0,8,0,18,18,32,53.23,1.4,0,14.91,7.52,55.06,1.38,0.29,14.04,6.9
68,9-mars,0,35,0,0,0,0,15,0,14,23,14,52.96,1.35,0,15.24,7.51,52.8,1.55,0,13.62,8.62
69,10-mars,0,34,0,0,0,0,5,0,23,22,16,53.39,1.29,0,13.83,7.47,52.01,1.51,0.31,15.91,8.08
70,11-mars,0,42,0,0,0,0,3,0,15,20,20,53.28,1.25,0,14.52,7.12,50.55,1.54,0,18.41,7.12
71,12-mars,0,32,0,0,0,0,2,0,16,22,27,53.95,1.14,0,12.77,7.2,56.17,1.35,0,13.16,7.12
72,13-mars,0,39,0,0,0,0,4,0,9,23,25,53.72,1.02,0,12.71,7.15,56.39,1.28,0.28,13.11,7.36
73,14-mars,0,32,0,0,0,0,0,0,38,29,0,52.71,1.59,0,11.39,7.61,55.64,1.33,0.3,13.85,8.14
74,15-mars,0,40,0,0,0,0,0,0,14,46,0,54.29,1.23,0,12.14,7.27,57.56,1.55,0.3,10.72,7.52
75,16-mars,0,35,0,0,0,0,0,0,39,26,0,53.1,1.52,0,11.44,8.07,53.73,1.69,0.32,14.68,8.84
76,17-mars,0,41,0,0,0,0,0,0,37,22,0,52.88,1.49,0,11.74,8.18,51.07,1.96,0.33,13.71,9.09
77,18-mars,0,33,0,0,0,0,0,0,42,25,0,53.13,1.55,0,11.43,8.18,52.12,2.09,0.34,13.35,9.22
78,19-mars,0,36,0,0,0,0,0,0,37,20,7,52.94,1.57,0,11.74,8.58,51.78,1.83,0.31,13.28,9.5
79,20-mars,0,38,0,0,0,0,0,12,14,23,13,53.52,1.38,0,12.5,8.19,53.24,1.74,0.29,12.64,8.9
80,21-mars,0,43,0,0,0,0,0,2,17,24,13,52.45,1.39,0,12.74,9.02,51.29,1.98,0.33,12.24,9.84
81,22-mars,0,24,0,0,0,0,0,26,17,19,14,52.2,1.7,0,11.76,9.39,53.74,1.8,0.32,11.56,8.95
82,23-mars,0,37,0,0,0,0,0,24,13,18,7,51.64,1.66,0,12.38,10.02,53.58,1.51,0.3,13.04,8.6
83,24-mars,0,36,0,0,0,0,4,24,19,14,2,51.02,1.78,0,12.9,10.11,51.22,1.95,0.31,11.4,9.36
84,25-mars,0,42,0,0,0,0,3,10,27,19,0,51.63,1.75,0,12.55,9.58,52.72,1.74,0.31,13.22,9.6
85,26-mars,0,36,0,0,0,0,3,23,17,20,0,50.44,1.73,0,12.58,10.85,49.43,1.92,0.33,12.21,11.32
86,27-mars,0,32,0,0,0,0,0,27,21,19,0,51.86,1.88,0,11.19,10.6,54.18,1.53,0.32,10.84,9.33
87,28-mars,0,49,0,0,0,0,0,8,22,20,0,52.22,1.81,0,11.61,9.09,49.61,1.59,0.33,13.06,10.76
88,29-mars,0,32,0,0,0,0,0,0,43,25,0,52.58,1.66,0,11.71,8.73,50.59,2.15,0.32,13.89,10.1
89,30-mars,0,52,0,0,0,0,0,0,28,20,0,51.89,1.95,0,10.64,9.51,51.81,1.71,0.3,14.63,9.29
90,31-mars,0,67,0,0,0,0,0,0,16,16,0,51.18,1.82,0,11.82,9.37,49.98,1.67,0.31,14.81,9.84
91,1-avr.,0,100,0,0,0,0,0,0,0,0,0,49.1,2.07,0,11.95,9.28,48.05,1.6,0.32,14.19,9.84
92,2-avr.,0,100,0,0,0,0,0,0,0,0,0,48.85,2.18,0,11.5,9.72,45.77,2.34,0.35,15.2,11.4
93,3-avr.,0,100,0,0,0,0,0,0,0,0,0,47.95,2.15,0,18.3,10,46.8,2.21,0.33,16.6,10.77
94,4-avr.,0,100,0,0,0,0,0,0,0,0,0,48.06,2.18,0,17.71,10.13,46.65,2.17,0.32,18.09,9.77
95,5-avr.,0,85,5,0,0,0,0,10,0,0,0,48.94,1.66,0,17.43,9.12,44.37,1.92,0.33,20.13,9.23
96,6-avr.,0,94,0,0,0,0,0,6,0,0,0,49.4,1.48,0,18.16,8.98,47.38,1.84,0.31,17.7,9.84
97,7-avr.,0,92,0,0,0,0,0,8,0,0,0,49.27,1.43,0,18.56,8.73,48.94,1.96,0.33,18.51,9.63
98,8-avr.,0,88,0,0,0,0,0,12,0,0,0,48.7,1.76,0,15.87,9.6,46.43,1.68,0,16.61,10.08
99,9-avr.,0,89,0,0,0,0,0,11,0,0,0,48.05,1.87,0,16.46,10.09,47.6,1.93,0,16.91,10.52
100,10-avr.,0,82,0,0,0,0,0,18,0,0,0,47.97,1.86,0,17.94,9.53,43.87,1.79,0.32,17.98,11.71
101,11-avr.,0,93,0,0,0,0,0,7,0,0,0,50.06,1.95,0,15.92,9.18,47.63,1.96,0.31,18.8,8.82
102,12-avr.,0,100,0,0,0,0,0,0,0,0,0,49.2,1.99,0,17.56,9.22,47.52,1.85,0.32,18.89,9.16
103,13-avr.,0,99,0,0,0,0,0,1,0,0,0,49.42,1.98,0,17.41,9.06,46.27,1.89,0.33,18.48,11.49
104,14-avr.,0,81,12,0,0,0,0,7,0,0,0,48.72,1.86,0,18.31,9.05,47.55,1.29,0.31,15,10.48
105,15-avr.,0,68,27,0,0,0,0,5,0,0,0,48.3,1.72,0,18.47,9.23,45.04,1.52,0.3,17.54,10.85
106,16-avr.,0,69,17,0,0,0,0,13,0,0,0,48.74,1.74,0,18.66,8.79,46.88,1.3,0.31,16.61,10.72
107,17-avr.,0,70,21,0,0,0,0,9,0,0,0,48.82,1.72,0,18.21,8.95,47.1,1.39,0.29,18.66,9.16
108,18-avr.,0,70,30,0,0,0,0,0,0,0,0,46.96,1.28,0,15.33,11.91,44.49,1.21,0.3,16.94,11.38
109,19-avr.,0,67,16,0,0,0,0,17,0,0,0,48.05,1.32,0,14.96,11.01,49.49,1.05,0.3,17.57,9.09
110,20-avr.,0,84,16,0,0,0,0,0,0,0,0,47.78,1.26,0,15.05,11.73,46.73,1.52,0.31,18.22,10.55
111,21-avr.,0,69,18,0,0,0,0,13,0,0,0,46.84,1.54,0,16.9,10.36,46.95,1.43,0.32,16.92,10.61
112,22-avr.,0,62,38,0,0,0,0,0,0,0,0,44.99,1.53,0,17.44,11.04,44.73,1.34,0.32,19.41,10.41
113,23-avr.,0,68,32,0,0,0,0,0,0,0,0,44.7,1.3,0,19.54,10.61,49.09,2.01,0,15.4,9.46
114,24-avr.,0,69,31,0,0,0,0,0,0,0,0,46.65,1.42,0,18.38,9.84,48.75,1.04,0,17.17,9.26
115,25-avr.,0,70,28,0,0,0,0,2,0,0,0,47.91,1.36,0,16.07,9.52,46.89,1.32,0,21.49,9.13
116,26-avr.,0,55,34,0,0,0,0,11,0,0,0,46.29,1.43,0,18.45,10.16,47.54,1.36,0.32,17.91,9.13
117,27-avr.,0,67,33,0,0,0,0,0,0,0,0,47.74,1.42,0,16.71,10.08,48.96,1,0.32,16.35,9.13
118,28-avr.,0,66,34,0,0,0,0,0,0,0,0,47.82,1.29,0,17.52,10.01,51.36,1.03,0.29,15.1,9.4
119,29-avr.,0,66,34,0,0,0,0,0,0,0,0,49.04,1.15,0,15.47,9.56,51.21,1.18,0.3,17.04,8.11
120,30-avr.,0,72,28,0,0,0,0,0,0,0,0,48.53,1.23,0,15.98,9.46,51.09,1.06,0.31,16.45,8.11
121,1-mai,0,63,37,0,0,0,0,0,0,0,0,48.17,1.23,0,15.94,9.6,49.37,1.08,0.29,17.18,12.21
122,2-mai,0,72,28,0,0,0,0,0,0,0,0,49.47,1.13,0,16.99,8.97,49.92,0.92,0.3,16.48,9.33
123,3-mai,0,17,8,0,0,0,0,0,0,74,0,57.45,0.79,0,13,6.14,51.48,1.62,0.3,16.08,8.52
124,4-mai,0,63,33,0,0,0,0,1,2,0,0,49.35,1.25,0,16.62,8.86,48.9,1.46,0.3,16.64,9.26
125,5-mai,0,39,37,0,0,0,0,8,16,0,0,47.35,1.48,0,15.61,10.15,47.36,1.58,0.32,16.84,10.15
126,6-mai,0,45,33,0,0,0,0,12,9,0,0,48.15,1.47,0,15.95,10.04,44.27,1.44,0.32,15.6,12.24
127,7-mai,0,32,35,0,0,0,0,25,9,0,0,46.83,1.36,0,15.54,11.01,46.55,1.45,0.31,15.74,11.48
128,8-mai,0,30,36,0,0,0,0,23,11,0,0,47.32,1.32,0,14.91,11.12,44.83,1.54,0.32,17.12,11.09
129,9-mai,0,52,31,0,0,0,0,0,17,0,0,48.59,1.29,0,15.24,10.75,48.28,1.29,0,13.9,12.04
130,10-mai,0,40,27,0,0,0,0,22,11,0,0,48.76,1.24,0,15.1,10.12,47.05,1,0.3,16.88,9.43
131,11-mai,0,63,26,0,0,0,0,0,11,0,0,48.9,1.24,0,15.66,9.53,50.77,1.01,0.29,16,8.05
132,12-mai,0,35,22,0,0,0,0,29,13,0,0,48.4,1.21,0,14.84,10.02,47.22,1,0.28,19.3,8.73
133,13-mai,0,26,23,0,0,0,0,51,0,0,0,47.46,1.08,0,15.07,10.25,0,0,0,0,0
134,14-mai,0,21,17,0,0,0,0,45,16,0,0,47.97,1.24,0,14.54,10.26,48.46,1.06,0,15.38,10.1
135,15-mai,0,50,22,0,0,0,0,7,21,0,0,49.13,1.24,0,14.8,9.71,50.13,1.04,0,14.8,9.77
136,16-mai,0,55,26,0,0,0,0,0,19,0,0,49.15,1.23,0,14.91,9.67,48.78,1.3,0,15.17,9.86
137,17-mai,0,53,25,0,0,0,0,0,22,0,0,49.44,1.33,0,14.31,10.14,50.85,1.2,0,13.47,8.07
138,18-mai,0,49,24,0,0,0,0,7,19,0,0,49.3,1.32,0,14.42,10.16,49.71,1.31,0,14.24,10.07
139,19-mai,0,62,24,0,0,0,0,3,11,0,0,49.43,1.26,0,14.89,9.73,46.63,1.28,0,14.18,11.2
140,20-mai,0,62,24,0,0,0,0,3,11,0,0,49.43,1.26,0,14.89,9.73,50.42,1.28,0,14.05,10.03
141,21-mai,0,71,27,0,0,0,0,0,3,0,0,50.59,1.32,0,13.26,9.99,51.2,1.67,0,13.96,9.83
142,22-mai,0,69,17,0,0,0,0,6,7,0,0,51.07,1.32,0,12.24,10.02,49.43,1.57,0,13.55,9.83
143,23-mai,0,56,30,0,0,0,0,2,13,0,0,49.67,1.32,0,14.74,9.88,50.74,1.33,0,14,9.43
144,24-mai,0,60,22,0,0,0,0,0,18,0,0,50.17,1.39,0,14.5,9.87,47.88,1.17,0,13.94,10.43
145,25-mai,0,54,28,0,0,0,0,0,18,0,0,48.41,1.47,0,14.1,10.6,53.74,1.3,0,14.5,9.09
146,26-mai,0,44,28,0,0,0,0,7,21,0,0,48.44,1.54,0,12.64,11.14,50.7,1.61,0,13.78,9.43
147,27-mai,0,47,35,0,0,0,0,8,10,0,0,48.32,1.51,0,12.35,11.6,48.88,1.54,0,12.97,10.44
148,28-mai,0,48,19,0,0,0,0,20,13,0,0,49.54,1.49,0,11.69,11.12,50.89,1.2,0,14.78,9.09
149,29-mai,0,44,29,0,0,0,0,17,10,0,0,48.84,1.5,0,11.26,11.52,53.61,1.65,0,12.06,9.43
150,30-mai,0,46,21,0,0,0,0,18,15,0,0,49.41,1.52,0,11.47,11.24,51.41,1.3,0,15.26,8.52
151,31-mai,0,55,30,0,0,0,0,9,6,0,0,49.95,1.53,0,11.95,10.46,52.25,1.44,0,12.48,9.77
152,1-juin,0,58,32,0,0,0,0,0,10,0,0,50.18,1.46,0,14.48,11.27,47,1.6,0,13.62,10.84
153,2-juin,0,62,30,0,0,0,0,0,6,4,0,50.24,1.44,0,14.7,10.38,51.65,1.78,0,14.07,10.44
154,3-juin,0,70,24,0,0,0,0,0,6,0,0,49.35,1.57,0,15.58,10.77,46.72,1.91,0,16.27,9.98
155,4-juin,0,61,30,0,0,0,0,0,0,9,0,48.46,1.39,0,16.73,10.54,49.27,1.69,0,14,10.44
156,5-juin,0,56,32,0,0,0,0,0,0,12,0,0,0,0,0,0,46.06,1.9,0,16.22,10.97
157,6-juin,0,18,33,0,0,0,0,0,8,0,41,48.15,1.62,0,18.5,9.59,44.71,1.46,0,14.92,12.12
158,7-juin,0,62,21,0,0,0,0,0,12,0,5,49.13,1.48,0,16.13,10.19,46.89,1.52,0,17.42,9.85
159,8-juin,0,68,5,0,0,0,0,0,17,0,10,51.14,1.46,0,15.6,9.7,51.83,1.12,0,13.3,9.52
160,9-juin,0,70,9,0,0,0,0,11,10,0,0,49.68,1.52,0,11.85,10.25,50.08,1.07,0,14.92,9.82
161,10-juin,0,62,6,0,0,0,0,32,0,0,0,49.81,1.63,0,8.51,9.36,51.36,1.24,0,13.51,9.36
162,11-juin,0,58,17,0,0,0,0,25,0,0,0,49.12,1.46,0,8.64,10.33,49.69,1.8,0,12.78,11.66
163,12-juin,0,74,0,0,0,0,0,26,0,0,0,50.55,1.53,0,9.31,9.46,50.16,1.2,0,11.89,10.44
164,13-juin,0,18,38,0,0,0,0,0,40,0,4,50.7,1.48,0,9.34,9.39,50.95,1.79,0,13.25,11.46
165,14-juin,0,51,0,0,0,0,0,0,25,8,16,51.64,1.4,0,7.66,8.94,53.8,1.43,0,13.41,7.93
166,15-juin,0,52,0,0,0,0,0,0,18,29,0,51.61,1.56,0,12.06,10.62,53.18,1.57,0,14.04,8.16
167,16-juin,0,50,5,0,0,0,0,0,11,35,0,51.27,1.47,0,12.93,10.13,50.33,1.74,0,13.12,10.53
168,17-juin,0,48,12,0,0,0,0,0,25,15,0,50.3,1.4,0,13.52,10.44,52.26,1.23,0,13.42,9.57
169,18-juin,0,61,7,0,0,0,0,0,10,21,0,51.51,1.39,0,13.64,9.65,51.36,1.24,0,15.8,8.79
170,19-juin,0,74,0,0,0,0,0,0,23,4,0,52.98,1.51,0,11.13,10.42,49.47,1.41,0,16.39,9.26
171,20-juin,0,66,0,0,0,0,0,0,34,0,0,53.15,1.63,0,10.55,10.57,53.41,1.78,0,12.5,9.43
172,21-juin,0,65,5,0,0,0,0,0,30,0,0,52.23,1.51,0,11.07,10.87,53.11,1.44,0,13.94,8.39
173,22-juin,0,61,0,0,0,0,0,0,39,0,0,52.54,1.62,0,11.7,10.65,52.69,1.72,0,11.94,8.66
174,23-juin,0,58,11,0,0,0,0,0,32,0,0,52.3,1.61,0,10.82,10.95,55,1.5,0,10.16,8.93
175,24-juin,0,51,12,0,0,0,0,0,37,0,0,52.65,1.71,0,10.62,11.07,53.78,1.42,0,9.81,11.07
176,25-juin,0,54,7,0,0,0,0,0,39,0,0,53,1.87,0,9.19,11.24,48.09,1.88,0,10.81,10.91
177,26-juin,0,74,0,0,0,0,0,0,26,0,0,52.75,1.75,0,11.26,10.66,50.72,1.82,0,10.64,11.32
178,27-juin,0,88,9,0,0,0,0,0,4,0,0,51.26,1.55,0,12.83,10.95,52.15,1.8,0,13.16,10.53
179,28-juin,0,58,5,0,0,0,0,0,38,0,0,53.05,1.73,0,11.88,10.56,48.35,1.88,0,13.6,12.18
180,29-juin,0,73,0,0,0,0,0,0,8,0,19,53.12,1.43,0,9.77,9.54,52.7,1.55,0,11.62,9.66
181,30-juin,0,65,13,0,0,0,0,0,0,0,22,52.09,1.32,0,8.99,9.97,53.09,1.37,0,11.78,8.29
182,1-juil.,34,30,13,0,0,0,0,0,0,23,0,51.37,1.46,0,14.72,6.21,52.94,1.27,0,12.43,9.3
183,2-juil.,26,42,0,0,0,0,0,0,0,32,0,53.02,1.36,0,14.73,5.86,55.33,1.17,0,12.73,8.76
184,3-juil.,32,32,0,0,0,0,0,0,0,36,0,53.27,1.37,0,16.08,5.01,51.18,1.18,0,14.81,8.63
185,4-juil.,42,20,0,0,0,0,0,0,0,38,0,53.26,1.27,0,14.76,4.65,52.19,1,0,16.09,8.06
186,5-juil.,46,15,5,0,0,0,0,0,0,34,0,52.27,1.29,0,13.7,5.32,56.25,1,0,13.29,6.4
187,6-juil.,40,11,13,0,0,0,0,0,0,35,0,52.38,1.41,0,13.77,4.99,52.26,1.19,0,14.37,7.73
188,7-juil.,50,19,2,0,0,0,0,0,0,28,0,52.71,1.48,0,13.56,4.7,54.69,1.03,0,13.82,6.82
189,8-juil.,48,7,5,0,0,0,0,0,9,0,31,52.56,1.54,0,12.12,5.66,54.49,1.02,0,12.9,6.77
190,9-juil.,35,15,2,0,0,0,0,0,22,0,26,52.52,1.56,0,11.98,6.57,53.6,1.66,0,10.9,10.69
191,10-juil.,35,11,0,0,0,0,0,0,27,26,0,54.43,1.47,0,12.98,5.64,49.38,1.52,0,12.4,10.46
192,11-juil.,40,2,0,0,0,0,0,0,24,34,0,54.56,1.48,0,11.54,9.04,55.6,1.58,0,10.4,9.88
193,12-juil.,30,12,4,0,0,0,0,0,26,28,0,52.9,1.58,0,13.07,9.41,54.77,1.61,0,11.39,8.93
194,13-juil.,27,12,2,0,0,0,0,0,32,24,4,51.96,1.74,0,13,9.45,52.52,1.72,0,11.51,10.74
195,14-juil.,29,16,6,0,0,0,0,0,22,27,0,52.15,1.58,0,12.67,9.55,50.07,1.88,0,12.84,9.39
196,15-juil.,33,24,9,0,0,0,0,0,14,21,0,51.53,1.57,0,12.8,9.75,54.88,1.66,0,11.76,8.83
197,16-juil.,35,9,16,0,0,0,0,0,12,27,0,51.82,1.5,0,12.34,9.5,53.35,1.57,0,13.45,8.87
198,17-juil.,39,14,7,0,0,0,0,0,15,25,0,52.74,1.56,0,11.57,9.66,55.48,1.48,0,11.85,8.11
199,18-juil.,39,17,7,0,0,0,0,0,14,24,0,53.27,1.57,0,11.94,9.28,56.37,1.24,0,13.92,7.45
200,19-juil.,31,9,10,0,0,0,0,0,25,26,0,52.33,1.58,0,11.63,9.77,51.58,1.72,0,15.34,9.02
201,20-juil.,32,11,5,0,0,0,0,0,27,25,0,52.78,1.61,0,11.42,9.77,54.56,1.78,0,12.59,9.43
202,21-juil.,0,0, - ,0,0,0, - , - ,0, - , - ,0,0,0,0,0,0,0,0,0,0
203,22-juil.,0,15,14,0,0,0,12,0,43,16,0,50.2,1.85,0,13.29,10.12,53.22,1.8,0,10.23,9.36
204,23-juil.,0,38,4,0,0,0,18,0,26,14,0,49.52,1.69,0,13.21,10.61,46.12,1.69,0,18.14,9.96
205,24-juil.,0,31,7,0,0,0,19,14,2,27,0,49.57,1.53,0,14.43,9.73,53.33,1.33,0,16.43,8.27
206,25-juil.,0,29,10,0,0,0,0,19,0,41,0,50.62,1.36,0,11.94,8.02,54.19,1.5,0,15.16,7.9
207,26-juil.,0,28,5,0,0,0,0,22,3,42,0,51.89,1.38,0,14.44,8.13,53.88,1.67,0,14.81,8.14
208,27-juil.,2,32,8,0,0,0,0,10,5,44,0,52.95,1.41,0,14.91,7.59,51.96,1.79,0,14.47,9
209,28-juil.,6,35,2,0,0,0,0,0,13,44,0,53.66,1.38,0,15.24,7.3,54.95,1.65,0,12.7,8.03
210,29-juil.,12,29,0,0,0,0,7,0,18,34,0,52.99,1.49,0,12.17,7.36,53.22,1.78,0,13.04,9.96
211,30-juil.,13,8,8,0,0,0,20,0,27,23,0,53.47,1.53,0,11.7,6.7,55.29,1.64,0,14.27,8.28
212,31-juil.,18,14,13,0,0,0,9,0,24,22,0,51.36,1.57,0,11.88,9.19,53.65,1.67,0,11.93,8.03
213,1-août,24,29,7,0,0,0,0,0,0,40,0,52.91,1.37,0,11.61,7.52,57.43,1.25,0,11.55,8.46
214,2-août,18,43,9,0,0,10,0,0,0,20,0,51.03,1.61,0,12.44,7.81,54.35,1.42,0,12.11,7.97
215,3-août,15,14,13,0,0,11,0,0,24,23,0,52.4,1.6,0,11.87,8.36,53.09,1.33,0,12.69,9.63
216,4-août,12,15,12,0,0,9,0,0,32,19,0,51.86,1.67,0,11.68,8.96,55.77,1.33,0,12.06,7.54
217,5-août,10,14,8,0,0,8,0,0,36,24,0,52.44,1.65,0,11.62,9.23,57.5,1.47,0,12.64,7.94
218,6-août,19,20,11,0,0,7,0,0,22,21,0,51.76,1.62,0,11.92,9.36,52.46,1.76,0,12.29,10.16
219,7-août,15,21,11,0,0,11,0,0,26,17,0,51.54,1.65,0,12.04,9.44,54.97,1.56,0,13.76,7.97
220,8-août,18,8,2,0,0,13,0,0,53,6,0,52.11,1.84,0,10.51,10.28,57.46,1.31,0,12.04,6.73
221,9-août,18,18,7,0,0,15,0,0,32,11,0,52.53,1.71,0,12.67,8.77,53.38,1.54,0,11.53,10.53
222,10-août,16,15,11,0,0,12,0,12,16,19,0,52.38,1.6,0,11.95,9.06,52.29,1.5,0,12.84,9.33
223,11-août,11,12,11,0,0,14,0,21,8,24,0,52.8,1.55,0,11.93,8.95,54.34,1.46,0,13.56,7.75
224,12-août,8,10,7,0,0,15,0,0,21,37,2,53.62,1.42,0,12.44,7.93,53.92,1.5,0,13.62,8.7
225,13-août,3,2,3,0,0,19,0,0,31,38,4,53.81,1.39,0,13.3,7.89,52.21,1.49,0,15.14,8.96
226,14-août,26,7,0,0,0,17,0,0,0,34,15,54.11,1.22,0,13.22,7.97,54.21,1.42,0,14.7,7.62
227,15-août,0,5,0,0,0,23,0,0,14,57,0,55.04,1.16,0,13.8,6.58,62.53,0.78,0,12.7,5.98
228,16-août,5,9,0,0,0,18,0,0,18,51,0,54.62,1.26,0,12.96,7.04,59.95,0.78,0,13.69,5.58
229,17-août,9,19,0,0,0,7,0,0,28,38,0,52.89,1.47,0,12.28,8.31,59.81,1.06,0,14.02,6.11
230,18-août,35,9,7,0,0,8,0,0,0,34,7,54.01,1.38,0,12.27,8.12,59.91,1.3,0,11.58,6.97
231,19-août,0,21,0,0,0,8,0,0,28,33,10,54.23,1.34,0,11.96,7.93,59.28,1.26,0,10.78,7.29
232,20-août,0,6,0,0,0,14,0,0,31,35,13,53.02,1.46,0,12.91,8.76,58.4,1.23,0,12.79,7.33
233,21-août,0,0,7,0,0,9,0,0,30,39,15,52.49,1.43,0,13.63,8.4,53.1,1.48,0,12.84,7.53
234,22-août,0,4,3,0,0,5,0,0,20,45,23,52.95,1.29,0,14.01,8.04,54.78,1.48,0,13.01,7.68
235,23-août,2,0,4,0,0,17,0,0,25,34,19,53.25,1.38,0,13.38,8.06,56.71,1.31,0,12.39,6.88
236,24-août,0,0,3,0,0,19,0,0,27,22,29,53.25,1.39,0,13.09,8.18,55.83,1.29,0,13.88,7.77
237,25-août,0,0,3,0,0,20,0,0,26,23,28,52.85,1.42,0,13.02,7.5,56.79,1.2,0,13.64,7.32
238,26-août,0,0,3,0,0,20,0,0,26,22,29,54.85,1.45,0,13.54,8,56.24,1.4,0,13.85,7.28
239,27-août,0,0,3,0,0,20,0,0,31,22,24,53.65,1.5,0,13.07,7.05,54.49,1.58,0,13.91,7.18
240,28-août,0,0,8,0,0,15,0,0,35,22,20,52,1.52,0,13.99,7.12,52.62,1.6,0,14.48,7.89
241,29-août,0,0,3,0,0,20,0,0,26,22,29,54.85,1.45,0,13.54,8,56.01,1.42,0,13.48,7.02
242,30-août,0,0,13,0,0,10,0,0,45,22,10,54.12,1.5,0,13,7.69,56.12,1.65,0,11.7,7.49
243,31-août,0,15,7,0,0,11,0,0,23,20,23,49.94,1.57,0,15.28,8.51,50.42,1.74,0,17.12,8.02
244,1-sept.,9,19,0,0,0,0,7,0,21,22,21,51.84,1.45,0,13.67,8.17,50.25,1.59,0,15.64,8.49
245,2-sept.,13,3,7,0,0,0,0,0,24,37,16,53.16,1.43,0,12.74,7.65,54.32,1.48,0,12.2,8.2
246,3-sept.,13,3,10,0,0,0,0,0,24,35,15,52.08,1.47,0,13.07,9.08,54.8,1.56,0,12.79,7.02
247,4-sept.,13,5,9,0,0,0,0,0,25,34,14,52.38,1.48,0,12.74,8.7,54.63,1.49,0,13.75,8.7
248,5-sept.,14,9,0,0,0,0,0,0,18,36,23,52.94,1.36,0,13.09,7.98,56.01,1.4,0,12.96,7.64
249,6-sept.,12,7,0,0,0,0,0,0,25,36,20,53.07,1.4,0,12.33,8.21,55.48,1.38,0,14.31,7.21
250,7-sept.,14,10,0,0,0,0,3,0,22,33,17,53.16,1.43,0,12.43,8.41,55.86,1.46,0,13.36,8.14
251,8-sept.,13,0,0,0,0,0,0,0,36,39,12,54.19,1.44,0,12.33,7.99,54.66,1.39,0,14.5,7.64
252,9-sept.,11,0,3,0,0,0,0,0,31,28,28,53.05,1.48,0,13.15,8.1,56.45,1.42,0,13.04,6.85
253,10-sept.,13,0,0,0,0,0,0,0,24,38,25,54.27,1.36,0,13.02,7.73,56.28,1.4,0,13.42,6.82
254,11-sept.,15,4,0,0,0,0,0,0,26,29,26,54.1,1.4,0,12.82,8.41,57.66,1.42,0,13.4,6.89
255,12-sept.,13,0,12,0,0,0,0,0,19,32,24,53.61,1.39,0,12.64,8.93,57.24,1.36,0,14.04,6.71
256,13-sept.,25,5,8,0,0,0,0,0,26,37,0,54.2,1.51,0,11.8,9.35,53.98,1.6,0,13.95,8.02
257,14-sept.,27,17,5,0,0,0,0,0,18,33,0,53.37,1.54,0,12.98,9.13,58.1,1.53,0,11.88,6.69
258,15-sept.,17,30,5,0,0,0,0,0,12,26,11,51.35,1.68,0,13.93,9.47,54.63,1.7,0,15.32,7.25
259,16-sept.,27,22,10,0,0,0,0,0,19,15,7,50.13,1.74,0,13.84,9.74,50.36,1.76,0,16.42,9.06
260,17-sept.,28,31,9,0,0,0,0,15,0,18,0,51.84,1.64,0,15.33,9.92,49.52,1.7,0,18.15,8.5
261,18-sept.,17,33,9,0,0,0,0,12,0,25,4,51.45,1.56,0,15.66,9.53,52.68,1.6,0,17.13,8.39
262,19-sept.,19,26,9,0,0,0,0,4,0,31,11,52.25,1.46,0,16,8.74,54.43,1.22,0,15.59,7.1
263,20-sept.,13,18,9,0,0,0,0,20,0,23,17,51.79,1.5,0,14.53,9.42,50.3,1.43,0,17.24,7.24
264,21-sept.,7,19,10,0,0,0,0,26,0,20,19,51.62,1.56,0,15.05,9.96,52.08,1.66,0,16.2,7.97
265,22-sept.,3,25,17,0,0,0,0,17,6,19,13,50.05,1.7,0,14.9,10.27,48.39,1.6,0,17.67,8.29
266,23-sept.,10,24,4,0,0,0,0,11,13,19,19,50.48,1.67,0,14.77,9.98,49.04,1.56,0,18.9,8.09
267,24-sept.,7,8,5,0,0,0,0,26,18,13,23,50.4,1.72,0,13.44,10.4,48.03,1.96,0,17.56,9.19
268,25-sept.,13,1,2,0,0,0,0,36,20,20,8,51,1.76,0,12.64,10.43,51.54,1.93,0,12.82,10.1
269,26-sept.,10,5,6,0,0,0,0,22,15,24,18,51.57,1.58,0,13.2,9.51,52.4,1.58,0,12.76,9.56
270,27-sept.,15,16,10,0,0,0,0,23,4,17,14,50.65,1.71,0,14.31,10.05,52.11,1.4,0,18.8,7.52
271,28-sept.,19,17,10,0,0,0,3,0,25,16,10,50.99,1.76,0,14.01,9.8,53.27,1.38,0,12.94,9.2
272,29-sept.,21,23,8,0,0,0,9,0,34,0,6,49.41,2.01,0,13.94,11.06,51.36,1.68,0,13.65,8.89
273,30-sept.,22,19,3,0,0,0,0,38,0,0,18,49.33,1.88,0,14.05,11.22,51.11,1.97,0,15.41,9.56
274,1-oct.,17,22,1,0,0,0,0,9,34,0,16,50.34,1.85,0,13.78,11.35,52.55,1.82,0,13.1,9.76
275,2-oct.,17,17,0,0,0,0,0,0,39,9,18,51.44,1.75,0,13.62,10.5,54.71,1.47,0,14.19,6.69
276,3-oct.,23,35,0,0,0,0,0,0,7,20,15,51.41,1.54,0,14.65,9.16,50.05,1.57,0,15.37,8.46
277,4-oct.,7,40,0,0,0,0,0,0,28,10,14,49.89,1.75,0,14.51,10.73,53.47,1.28,0,15.37,7.45
278,5-oct.,7,30,0,0,0,0,0,0,49,3,11,49.47,1.93,0,12.81,11.69,49.63,1.44,0,13.76,10.31
279,6-oct.,14,30,7,0,0,0,0,14,23,0,12,48.82,1.87,0,13.66,11.69,49.99,1.57,0,15.11,10.13
280,7-oct.,6,21,18,0,0,0,0,24,20,0,11,48.09,1.91,0,13.55,12.05,49.41,1.77,0,13.28,10.94
281,8-oct.,10,35,0,0,0,0,0,21,20,0,14,49.01,1.87,0,13.65,11.86,45.9,1.73,0,13.56,12.42
282,9-oct.,11,39,3,0,0,0,0,20,19,0,9,48.87,1.88,0,13.49,11.94,47.83,1.81,0,14.11,11.85
283,10-oct.,7,36,12,0,0,0,0,7,26,0,13,48.51,1.87,0,13.99,11.8,49.39,1.58,0,14,9.53
284,11-oct.,3,32,4,0,0,0,0,19,17,10,15,49.55,1.74,0,14.19,11.07,50.21,1.84,0,12.89,12.37
285,12-oct.,0,33,0,0,0,0,0,2,17,28,20,51.48,1.5,0,15.45,9.38,50.36,1.54,0,13.74,7.5
286,13-oct.,0,14,0,0,0,0,15,11,0,24,37,50.8,1.46,0,17.21,8.4,53.07,1.24,0,17.16,7.17
287,14-oct.,0,40,0,0,0,0,17,2,1,18,22,49.15,1.6,0,17.33,9.41,49.65,1.49,0,18.72,7.69
288,15-oct.,0,41,2,0,0,0,0,2,17,21,16,49.7,1.62,0,14.67,10.31,49.1,1.53,0,13.4,8.93
289,16-oct.,0,41,0,0,0,0,0,23,16,20,0,49.61,1.77,0,13.43,11.36,52.24,1.6,0,12.6,7.88
290,17-oct.,0,22,0,0,0,0,0,34,23,21,0,50.74,1.83,0,11.81,11.57,52.18,1.91,0,10.56,10.54
291,18-oct.,0,27,3,0,0,0,0,26,20,23,0,51.01,1.79,0,13.24,11.37,55.28,1.79,0,10.62,9.33
292,19-oct.,0,44,0,0,0,0,0,12,18,26,0,51.63,1.7,0,14.33,10.75,51.15,1.89,0,11.77,10.3
293,20-oct.,0,27,0,0,0,0,0,17,32,24,0,51.71,1.79,0,12.78,11.15,49.82,1.71,0,13.68,9.23
294,21-oct.,0,29,2,0,0,0,0,0,52,17,0,50.33,1.74,0,11.75,11.38,55.8,1.54,0,12.84,6.55
295,22-oct.,0,27,8,0,0,0,16,4,11,33,0,51.73,1.65,0,12.8,10.1,52.93,1.78,0,12.87,9.43
296,23-oct.,2,19,7,0,0,0,0,0,52,20,0,50.76,1.78,0,11.54,11.28,53.82,1.75,0,12.44,8.85
297,24-oct.,11,27,5,0,0,0,9,0,37,11,0,49.85,1.83,0,12.84,11.13,52.83,1.92,0,10.66,9.13
298,25-oct.,12,22,8,0,0,0,11,0,26,21,0,51.07,1.71,0,13.62,10.26,52.8,1.96,0,10.6,9.33
299,26-oct.,11,20,7,0,0,0,12,0,30,20,0,50.83,1.75,0,13.44,10.42,55.89,1.87,0,9,9.13
300,27-oct.,12,26,8,0,0,0,7,0,27,19,0,50.87,1.71,0,13.22,10.48,52.52,1.94,0,10.4,10.82
301,28-oct.,13,28,9,0,0,0,8,0,18,23,0,51.31,1.64,0,13.86,10.05,52.09,1.89,0,12.47,9.84
302,29-oct.,12,25,6,0,0,8,0,0,19,31,0,52.4,1.51,0,13.85,9.43,57.69,1.48,0,12.49,6.44
303,30-oct.,11,25,9,0,0,13,0,0,18,25,0,51.62,1.56,0,14.13,9.64,54.48,1.68,0,12.52,7.69
304,31-oct.,16,29,7,0,0,14,0,0,24,9,0,50.38,1.69,0,14.1,10.58,51.92,1.9,0,14.54,8.92
305,1-nov.,16,31,2,0,0,14,0,0,20,16,0,52.22,1.58,0,14.45,8.17,49.87,1.9,0,16.35,9.77
306,2-nov.,11,23,3,0,0,18,0,0,17,23,5,52.05,1.53,0,14.63,8.18,51.31,1.73,0,13.62,8.35
307,3-nov.,16,2,9,0,0,16,0,0,17,21,20,52.23,1.49,0,14.24,8.33,56.65,1.56,0,0,7.42
308,4-nov.,15,5,12,0,0,16,0,0,32,7,13,50.81,1.71,0,13.4,9.44,54.12,1.54,0,0,7.76
309,5-nov.,12,10,5,0,0,14,0,0,21,18,19,51.84,1.55,0,14.04,8.71,53.88,1.7,0,0,8.39
310,6-nov.,14,11,7,0,0,13,0,0,17,17,21,51.71,1.54,0,14.3,8.68,56.57,1.5,0,0,8.03
311,7-nov.,15,1,2,0,0,16,0,0,12,26,28,53.17,1.41,0,14.79,7.75,52.96,1.71,0,0,11.27
312,8-nov.,13,3,8,0,0,12,0,0,14,31,20,51.99,1.49,0,15.34,8.26,53.35,1.74,0,10.25,13.21
313,9-nov.,14,5,2,0,0,13,0,0,26,19,19,51.99,1.6,0,14.45,8.71,56.85,1.43,0,14.7,6.88
314,10-nov.,13,2,15,0,0,16,0,0,15,10,29,52.08,1.5,0,13.83,8.35,56.89,1.51,0,13.84,6.54
315,11-nov.,13,0,16,0,0,12,0,0,14,29,16,51.53,1.53,0,15.09,8.48,55.78,1.47,0,14.76,6.96
316,12-nov.,27,0,16,0,0,0,0,0,23,21,14,50.91,1.7,0,14.72,9.4,51.87,1.53,0,17.62,7.8
317,13-nov.,27,0,14,0,0,0,0,0,27,17,15,51.43,1.73,0,14.42,9.32,55.89,1.45,0,12.26,7.1
318,14-nov.,35,0,10,0,0,0,0,0,0,21,34,51.83,1.5,0,16.34,8.06,53.69,1.55,0,13.25,8.36
319,15-nov.,29,0,15,0,0,0,0,0,0,30,26,53.01,1.42,0,14.55,7.49,55.89,1.31,0,14.28,7.28
320,16-nov.,28,7,2,0,0,0,0,29,13,12,10,51.83,1.7,0,13.06,9.9,52.79,1.26,0,13.08,10.21
321,17-nov.,28,16,4,0,2,4,0,17,10,19,1,51.76,1.69,0,13.03,9.44,52.42,1.55,0,14.48,9.7
322,18-nov.,13,3,3,0,9,17,0,15,10,25,5,52.63,1.63,0,13.97,8.6,53.4,1.48,0,11.61,9.05
323,19-nov.,14,4,2,0,9,22,0,9,10,19,11,51.82,1.69,0,14.52,8.44,55.37,1.34,0,12.81,7.24
324,20-nov.,13,10,0,0,10,20,0,6,14,19,8,51.94,1.68,0,13.98,8.41,55.91,1.4,0,12.04,6.97
325,21-nov.,11,19,0,0,9,14,0,0,9,20,19,51.72,1.56,0,14.44,8.25,56.23,1.67,0,13.1,9.05
326,22-nov.,13,0,2,0,9,18,0,0,15,25,19,52.73,1.59,0,14.55,7.81,54.28,1.6,0,12.85,7.83
327,23-nov.,14,3,1,0,10,17,0,0,16,21,18,52.54,1.61,0,14.45,7.97,55.86,1.51,0,13.22,7.8
328,24-nov.,16,10,3,0,10,17,0,0,20,16,8,51.84,1.71,0,13.8,8.54,54.24,1.68,0,14.71,8.31
329,25-nov.,14,9,3,0,9,15,0,9,20,18,3,52.56,1.62,0,12.75,8.69,54.5,1.59,0,12.43,8.71
330,26-nov.,11,0,5,0,12,25,0,7,17,23,0,53.34,1.56,0,11.98,7.95,48.92,1.82,0,12.3,9.29
331,27-nov.,12,2,7,0,9,23,0,8,17,23,0,51.98,1.63,0,13.71,7.68,53.67,1.61,0,13.54,8.74
332,28-nov.,10,13,0,0,3,20,0,16,18,19,0,51.19,1.68,0,14.35,8.06,51.79,1.74,0,14.76,9.08
333,29-nov.,12,5,3,0,10,21,0,7,23,20,0,51.97,1.68,0,14.13,8.05,48.75,1.78,0,14.59,9.01
334,30-nov.,9,9,0,0,8,18,0,12,6,35,5,53.48,1.46,0,13.35,8.2,56.42,1.52,0,17.85,6.1
335,1-déc.,17,4,10,0,7,26,0,0,0,22,14,53.03,1.47,0,14.3,8.16,53.29,1.63,0,12.94,8.7
336,2-déc.,22,3,7,7,0,19,0,0,5,28,8,53.46,1.55,0,13.47,8.45,53.6,1.34,0,14.15,8.45
337,3-déc.,23,9,0,16,0,15,0,0,4,28,5,52.53,1.55,0,13.98,8.1,53.09,1.42,0,12.58,8.27
338,4-déc.,19,12,0,12,0,19,0,0,14,21,4,52.17,1.65,0,13.77,8.48,53.6,1.6,0,13.89,8.48
339,5-déc.,16,14,0,8,0,13,0,0,12,16,22,52.08,1.59,0,14.29,8.29,53.51,1.59,0,11.46,8.6
340,6-déc.,18,2,0,12,0,15,0,0,21,30,2,52.32,1.64,0,13.61,8.21,55.39,1.36,0,11.59,8.29
341,7-déc.,17,2,1,20,0,17,0,0,0,33,11,52.68,1.49,0,14.42,7.54,53.92,1.49,0,12.74,8.28
342,8-déc.,18,1,9,14,0,12,0,0,8,38,0,52.09,1.58,0,13.89,8.12,54.08,1.69,0,9.99,8.94
343,9-déc.,18,1,9,8,0,8,0,0,13,36,8,52.72,1.47,0,13.98,8.01,54.4,1.47,0,14.19,6.9
344,10-déc.,21,4,5,10,0,12,0,0,11,27,10,52.92,1.45,0,13.6,8.25,54.52,1.21,0,12.24,8.31
345,11-déc.,18,9,3,3,0,18,0,0,12,21,15,52.42,1.44,0,13.47,8.74,54.07,1.03,0,12.57,7.62
346,12-déc.,19,8,4,5,0,14,0,0,20,19,11,51.99,1.6,0,13.18,8.99,54.71,1.15,0,12.47,8.17
347,13-déc.,12,8,3,0,4,16,0,0,15,19,22,51.19,1.6,0,14.3,8.79,54.28,1.26,0,11.5,8.78
348,14-déc.,0,3,7,0,4,16,0,0,25,15,30,50.98,1.61,0,14.24,8.76,52.37,1.18,0,13.64,9.46
349,15-déc.,0,6,8,0,5,24,0,0,23,17,17,50.48,1.65,0,14.35,8.96,52.86,1.4,0,15.61,7.77
350,16-déc.,0,5,4,21,6,5,0,0,20,19,20,51.73,1.58,0,13.26,8.3,52.79,1.26,0,14.9,8.32
351,17-déc.,0,4,5,15,0,15,0,0,26,14,20,51,1.66,0,13.86,8.66,51.88,1.31,0,13,8.74
352,18-déc.,0,9,5,14,0,16,0,0,24,18,15,51.02,1.66,0,13.86,8.75,55.82,1.35,0,17.87,5.87
353,19-déc.,1,6,6,13,0,9,0,0,39,22,4,51.59,1.7,0,12.5,9.03,52.81,1.31,0,14.31,9.19
354,20-déc.,12,3,6,12,7,0,0,0,23,23,14,53.44,1.52,0,11.99,8.48,52.61,1.48,0,10.62,10.52
355,21-déc.,0,5,6,11,0,0,0,15,26,25,13,53.64,1.52,0,11.35,8.62,52.84,1.27,0,11.66,9.84
356,22-déc.,21,3,9,0,0,3,0,5,21,17,22,52.81,1.55,0,13.43,8.57,53.32,1.19,0,11.31,8.24
357,23-déc.,7,11,5,6,0,15,0,5,27,22,3,52.13,1.59,0,12.62,9.08,54.85,1.06,0,11.59,8.88
358,24-déc.,0,14,3,15,0,13,0,0,33,16,5,51.76,1.6,0,11.44,9.35,52.47,1.05,0,13.99,11.23
359,25-déc.,2,10,4,13,0,14,0,8,35,11,2,51.32,1.75,0,11.61,9.64,54.61,1.01,0,12.62,9.22
360,26-déc.,18,4,17,0,0,11,0,10,29,12,0,51.03,1.77,0,12.45,9.97,52.35,1.46,0,8.43,11.53
361,27-déc.,16,0,8,1,0,15,0,13,33,14,0,51.63,1.72,0,12.03,9.8,52.55,1.48,0,7.37,11.44
362,28-déc.,14,16,7,0,0,11,0,14,22,16,0,51.32,1.72,0,12.66,9.81,51.62,1.55,0,11.31,10.14
363,29-déc.,16,16,6,0,0,15,0,12,20,15,0,51.04,1.75,0,13.47,9.66,52.17,1.27,0,12.73,0
364,30-déc.,14,14,6,8,0,5,0,14,22,17,0,51.26,1.75,0,11.82,9.93,52.3,1.76,0,11.1,9.67
365,31-déc.,11,21,6,15,0,0,0,16,16,14,0,50.7,1.8,0,12.33,9.75,52.52,1.34,0,13.64,8.79
"(nan, nan)",Date,% par provenance,0,0,0,0,0,0,0,0,0,0,Simulé,0,0,0,0,NIF,0,0,0,0
"(nan, nan)",0,SM-BO,SM-MZ,MAT-NIF,SFA,DSP,C2S+M,C4,C5 SupA,C5 inf,C6 s+m,C6 inf,BPL ,MgO ,MO,SiO2 ,CO2,BPL ,MgO ,MO,SiO2 ,CO2
"(2022.0, 'Janvier')",1-janv.,12,17,6,12,0,0,0,14,12,15,12,51.33,1.66,-,12.65,9.33,51.18,1.51,0,13.7,9.53
"(nan, nan)",2-janv.,11,12,20,6,0,5,0,9,7,15,14,50.75,1.67,-,14.04,8.89,53.78,1.61,0,13.85,9.35
"(nan, nan)",3-janv.,1,3,13,9,0,6,0,18,17,16,17,51.58,1.63,-,12.29,9.22,51.82,1.52,0,12.43,9.94
"(nan, nan)",4-janv.,0,8,11,13,0,12,0,12,12,14,18,51.52,1.62,-,12.87,9.01,51.25,1.57,0,14.98,9.36
"(nan, nan)",5-janv.,0,18,5,15,0,9,0,11,15,18,8,52,1.55,-,13.5,8.81,51.66,1.46,0,13.7,8.94
"(nan, nan)",6-janv.,0,12,10,11,0,19,19,0,7,13,10,51.82,1.55,-,14.18,8.37,51.63,1.48,0,14.47,8.76
"(nan, nan)",7-janv.,0,12,15,7,0,11,5,12,13,17,7,51.27,1.62,-,12.55,9.42,52.61,1.41,0,13.28,8.93
"(nan, nan)",8-janv.,0,18,6,11,0,13,7,13,12,12,6,51.52,1.63,-,13.27,8.96,51.85,1.35,0,12.83,8.83
"(nan, nan)",9-janv.,0,10,10,16,0,13,0,17,12,22,0,52.93,1.67,-,12.1,8.61,54.76,1.61,0,12.81,8.77
"(nan, nan)",10-janv.,0,12,4,16,0,12,12,5,10,20,9,52.21,1.61,-,14.17,8.15,53.93,1.91,0,10.67,7.72
"(nan, nan)",11-janv.,0,17,1,9,0,11,8,6,10,31,6,50.98,1.76,-,14.19,8.28,55.4,1.85,0,13.73,7.71
"(nan, nan)",12-janv.,3,19,0,8,0,6,7,9,12,29,6,52.07,1.55,-,14.32,8.14,53.74,1.93,-,13.36,8.32
"(nan, nan)",13-janv.,11,5,0,6,0,7,10,19,16,25,0,51.95,1.8,-,12.94,8.9,53.56,1.9,0,12.94,8.18
"(nan, nan)",14-janv.,12,7,0,0,0,6,0,30,15,32,0,52.62,1.71,-,11.77,9.6,53.45,1.82,0,14,8.08
"(nan, nan)",15-janv.,11,2,0,0,0,8,0,21,21,28,9,52.69,1.67,-,12.42,9.25,53.95,1.44,0,12.78,8.87
"(nan, nan)",16-janv.,9,0,0,0,0,17,0,0,39,36,0,53.79,1.55,-,12.98,8.78,55.74,1.5,0,12.9,7.71
"(nan, nan)",17-janv.,9,8,0,0,0,0,0,14,37,30,2,52.9,1.56,-,13.09,8.02,52.75,1.54,0,12.4,8.53
"(nan, nan)",18-janv.,3,4,5,0,0,0,0,11,32,37,10,52.54,1.56,-,12.57,8.97,54.92,1.59,0,12.54,8.6
"(nan, nan)",19-janv.,12,3,3,0,0,2,0,10,26,31,14,52.41,1.58,-,13.22,8.74,56.76,1.6,0,11.08,8.77
"(nan, nan)",20-janv.,11,0,0,0,0,7,0,10,26,33,13,52.97,1.55,-,12.75,8.66,54.65,1.33,0,7.6,11.35
"(nan, nan)",21-janv.,7,7,0,0,0,8,0,7,22,37,12,53.03,1.48,-,12.87,8.59,55.94,1.58,0,13.26,7.55
"(nan, nan)",22-janv.,8,6,0,0,0,9,0,8,32,30,7,52.74,1.6,-,12.33,9,54.79,1.59,0,14.84,7.17
"(nan, nan)",23-janv.,12,31,0,3,0,3,0,2,18,19,11,51.89,1.57,-,12.91,8.92,55.96,1.76,0,11.36,8.16
"(nan, nan)",24-janv.,7,17,3,0,0,9,0,0,34,26,5,52.49,1.59,-,12.96,8.47,55.76,1.72,-,12.48,8.06
"(nan, nan)",25-janv.,2,18,2,4,0,10,0,6,32,19,7,52.11,1.63,-,13.34,8.62,52.22,1.81,-,13.6,8.46
"(nan, nan)",26-janv.,0,16,2,11,0,7,0,1,38,25,0,52.34,1.64,-,11.78,9.44,56.08,1.76,-,13.3,7.64
"(nan, nan)",27-janv.,0,18,1,15,0,0,0,0,29,29,7,52.35,1.57,-,11.64,9.59,56.7,1.88,-,11.42,9.15
"(nan, nan)",28-janv.,0,14,8,7,0,10,0,0,37,24,0,54.14,1.83,-,12.87,3.75,53.78,2.1,-,10.4,2.1
"(nan, nan)",29-janv.,0,16,11,0,0,21,0,0,19,34,0,55.49,1.63,-,12.63,11,54.79,1.76,0,7.86,11.17
"(nan, nan)",30-janv.,0,12,16,0,0,29,0,0,15,27,0,53.49,1.77,-,13.72,6.2,55.67,1.74,0,13.04,7.5
"(nan, nan)",31-janv.,0,14,16,0,0,27,0,0,15,27,0,52.8,1.75,-,12.57,5.87,52.51,1.81,0,14.65,8.74
"(nan, 'Fevrier')",1-févr.,11,18,3,3,0,16,0,0,23,26,0,53.89,1.69,0,13.38,4.4,55.31,1.66,0,12.23,8.19
"(nan, nan)",2-févr.,0,15,0,24,11,0,0,0,29,21,0,53.67,1.69,0,11.82,8.39,52.36,1.75,0,14.69,9.22
"(nan, nan)",3-févr.,0,15,0,23,12,0,0,0,21,26,4,53.53,1.61,0,11.91,8.15,53.53,1.82,0,11.86,10.96
"(nan, nan)",4-févr.,0,13,0,8,5,1,0,0,36,36,0,54.33,1.57,0,11.62,6.9,53.34,1.72,0,10.57,9.16
"(nan, nan)",5-févr.,0,23,0,0,0,0,0,0,37,32,8,53.16,1.62,0,12.09,7.31,54.67,1.53,0,15.77,7.24
"(nan, nan)",6-févr.,0,11,0,0,0,0,0,3,39,32,16,53.34,1.55,0,12.35,6.84,54.47,1.58,0,12.38,8.88
"(nan, nan)",7-févr.,3,9,0,0,0,4,0,6,32,41,4,54.36,1.47,0,11.6,6.41,51.24,1.54,0,14.94,8.51
"(nan, nan)",8-févr.,8,9,0,0,0,9,0,2,23,33,14,54.3,1.37,0,13.04,6.07,51.11,1.68,0,17.04,8.44
"(nan, nan)",9-févr.,9,4,0,0,3,9,0,0,27,27,21,53.28,1.57,0,13.37,6.76,51.3,1.38,0,17.52,8.03
"(nan, nan)",10-févr.,0,4,3,0,19,0,0,0,23,25,28,53.81,1.5,0,13.69,7.39,52.65,1.41,0,15.61,8.65
"(nan, nan)",11-févr.,5,0,4,2,8,0,0,0,28,34,19,53.5,1.53,0,13.78,6.98,54.48,1.4,0,12.88,8.53
"(nan, nan)",12-févr.,4,2,0,0,9,0,0,0,33,36,16,53.78,1.56,0,13.53,7.31,50.58,1.44,0,16.17,7.86
"(nan, nan)",13-févr.,7,5,0,0,4,0,0,0,35,34,14,53.06,1.52,0,13.5,8.22,53.13,1.33,0,14.42,8.23
"(nan, nan)",14-févr.,0,4,0,11,0,0,0,0,36,36,14,53.34,1.54,0,12.74,7.42,49.6,1.25,0,17,8.47
"(nan, nan)",15-févr.,0,6,0,12,0,0,0,0,34,33,15,52.88,1.58,0,13.03,8.12,57.2,0.97,0,14.78,6.81
"(nan, nan)",16-févr.,0,0,0,15,0,0,0,0,23,50,12,54.56,1.37,0,13.55,7.29,51.79,1.33,0,12.57,8.26
"(nan, nan)",17-févr.,0,0,0,17,0,0,0,15,23,32,13,52.81,1.6,0,12.95,8.87,54.54,1.3,0,13.64,7.22
"(nan, nan)",18-févr.,0,7,0,12,0,0,0,26,16,24,15,52.04,1.65,0,13.1,9.36,53.27,1.19,0,15.06,7.86
"(nan, nan)",19-févr.,0,5,0,12,14,0,0,11,18,28,11,53.48,1.51,0,12.1,9.02,54.19,1.55,0,14.06,8.18
"(nan, nan)",20-févr.,0,9,0,2,8,0,0,32,6,33,9,53.34,1.48,0,12.92,9.31,55.12,1.39,0,14.05,6.05
"(nan, nan)",21-févr.,9,1,0,1,22,0,0,9,18,31,9,53.81,1.45,0,12.74,8.98,55.59,1.29,0,13.57,7.58
"(nan, nan)",22-févr.,12,3,0,6,4,15,0,10,18,26,6,52.42,1.55,0,14.7,8.54,53.39,1.51,0,13.16,8.86
"(nan, nan)",23-févr.,8,8,0,0,3,7,0,16,17,29,12,52.19,1.61,0,14.46,8.66,52.22,1.52,0,14.89,8.81
"(nan, nan)",24-févr.,8,11,0,0,4,9,0,10,22,27,9,51.73,1.7,0,14.51,8.59,53.03,1.31,0,14.72,8.98
"(nan, nan)",25-févr.,4,14,0,0,4,4,0,0,54,20,0,51.19,1.86,0,11.76,9.67,51.28,1.67,0,15.27,8.88
"(nan, nan)",26-févr.,0,10,0,0,9,9,0,0,40,33,0,52.4,1.67,0,11.72,9.4,50.6,1.6,0,14.82,5.61
"(nan, nan)",27-févr.,0,12,0,0,6,6,0,0,35,40,0,52.3,1.62,0,11.63,9.46,54.81,1.58,0,13.13,8.33
"(nan, nan)",28-févr.,0,22,0,0,12,14,0,0,29,24,0,52.37,1.68,0,12.51,8.81,53.41,1.65,0,12.4,8.71
"(nan, 'Mars')",1-mars,0,9,0,0,0,19,0,0,42,30,0,52.8,1.64,0,12.65,9.56,51.83,1.43,0,14.09,8.57
"(nan, nan)",2-mars,3,13,0,0,0,17,0,0,38,29,0,51.8,1.7,0,13.5,9.67,53.98,1.63,0,12.48,8.43
"(nan, nan)",3-mars,5,19,0,0,11,14,0,0,28,23,0,51.25,1.75,0,13.12,10.48,52.85,1.69,0,12.04,8.6
"(nan, nan)",4-mars,0,0,0,0,0,26,0,0,51,23,0,52.29,1.67,0,12.76,9.93,51.55,1.57,-,12.32,10.07
"(nan, nan)",5-mars,0,0,0,0,0,34,0,17,12,20,18,52.09,1.54,0,14.34,9.18,50.59,1.52,-,15.81,8.57
"(nan, nan)",6-mars,0,5,0,0,0,41,0,0,0,28,26,52.78,1.31,0,15.3,7.84,52.48,1.27,0,15.81,7.8
"(nan, nan)",7-mars,0,4,0,0,0,27,0,8,18,29,15,52.57,1.46,0,13.82,9.19,53.18,1.67,0,11.47,7.8
"(nan, nan)",8-mars,0,0,0,0,0,28,0,28,0,32,12,52.37,1.46,0,13.93,9.56,53.58,1.56,-,14.07,8.53
"(nan, nan)",9-mars,0,0,0,3,0,28,0,27,0,31,12,52.41,1.47,0,13.91,9.54,50.47,1.44,-,14.4,8.43
"(nan, nan)",10-mars,0,4,0,15,0,16,0,23,0,28,13,52.66,1.53,0,13.22,9.93,52.51,1.31,-,8,8.08
"(nan, nan)",11-mars,0,20,0,9,0,9,0,4,17,31,10,52.42,1.5,0,12.24,9.41,55.59,1.62,-,13.23,8.27
"(nan, nan)",12-mars,0,24,0,2,0,15,0,0,30,26,4,52.11,1.55,0,11.74,8.98,55.06,1.45,0,14.3,7.95
"(nan, nan)",13-mars,0,8,0,1,0,28,0,0,38,24,0,52.47,1.63,0,11.81,7.77,53.81,1.85,-,12.82,8.02
"(nan, nan)",14-mars,0,0,0,0,5,5,0,0,66,24,0,52.73,1.83,0,9.25,8.06,55.56,2.17,-,11.25,8.48
"(nan, nan)",15-mars,0,4,0,0,6,11,0,0,39,34,6,53.45,1.63,0,10.9,7.47,54.88,1.64,-,17.05,6.39
"(nan, nan)",16-mars,5,0,0,0,5,2,0,0,37,38,12,54.74,1.61,0,10.86,7.07,55.88,1.86,-,4.79,11.9
"(nan, nan)",17-mars,13,0,0,0,8,0,0,0,31,37,10,54.93,1.56,0,10.63,7.13,55.77,1.89,-,10.62,9.11
"(nan, nan)",18-mars,11,36,0,0,13,0,0,0,15,8,17,50.97,1.89,0,12.68,9.23,53.19,2.09,-,11.56,9.46
"(nan, nan)",19-mars,12,0,0,0,14,0,0,0,36,34,4,54.44,1.66,0,10.28,7.77,51.44,1.64,-,9.9,11.71
"(nan, nan)",20-mars,0,0,0,0,13,11,0,0,36,40,0,54.6,1.62,0,10.8,7.36,56.27,1.45,-,-,6.73
"(nan, nan)",21-mars,0,0,0,0,0,18,0,0,43,27,12,53.73,1.7,0,11.75,7.2,56.47,2.1,-,-,8.28
"(nan, nan)",22-mars,0,3,0,0,7,6,0,0,37,35,12,54.59,1.56,0,11.04,7.26,52.91,1.59,0,14.63,7.52
"(nan, nan)",23-mars,0,0,0,0,0,0,0,0,0,100,0,58,0.95,0,11.23,4.95,51.66,1.54,0,12.75,9.28
"(nan, nan)",24-mars,0,1,0,0,10,0,11,4,43,26,5,53.72,1.68,0,11.72,7.51,53.22,1.89,0,12.84,8.67
"(nan, nan)",25-mars,0,10,0,0,18,0,0,0,28,30,15,53.17,1.69,0,11.73,8.07,55.94,1.81,-,9.81,9.36
"(nan, nan)",26-mars,0,17,0,0,12,0,0,4,28,28,11,52.33,1.73,0,12.47,8.46,56.69,1.76,0,10.54,8.81
"(nan, nan)",27-mars,0,5,0,0,10,0,0,24,13,38,9,52.48,1.56,0,15.58,7.6,55.53,1.72,0,13.52,8.22
"(nan, nan)",28-mars,0,2,0,0,2,4,0,12,36,39,4,53.57,1.66,0,13.05,7.6,56.51,1.99,0,10.82,5.44
"(nan, nan)",29-mars,0,10,0,0,12,12,0,5,17,34,9,54,1.5,0,13.65,8.16,55.8,1.61,0,9.96,7.4
"(nan, nan)",30-mars,0,26,0,0,12,13,0,7,2,27,13,53.62,1.55,0,11.65,7.78,56.23,1.49,0,10.32,7.83
"(nan, nan)",31-mars,0,10,0,0,10,14,0,9,19,39,0,54.68,1.59,0,10.44,7.56,51.11,1.24,0,15.13,8.11
"(nan, 'Avril')",1-avr.,0,13,0,0,0,25,3,0,11,48,0,55.44,1.47,0,11.8,6.44,52.21,1.49,0,13.4,9.16
"(nan, nan)",2-avr.,0,24,0,0,0,15,5,0,13,43,0,54.83,1.5,0,11.41,6.82,55.68,1.53,0,12.41,7.84
"(nan, nan)",3-avr.,0,26,0,0,0,13,0,0,16,45,0,55.32,1.53,0,11.78,7.72,57,1.59,0,11.56,7.76
"(nan, nan)",4-avr.,0,33,0,0,0,6,0,0,34,28,0,53.79,1.63,0,11.71,8.31,57.46,1.41,0,10.92,8.01
"(nan, nan)",5-avr.,0,25,0,0,0,10,2,0,38,25,0,53.09,1.69,0,12.54,8.52,57.89,0.92,0,11.78,7.67
"(nan, nan)",6-avr.,0,30,6,0,0,6,2,0,23,32,0,53.99,1.63,0,11.99,8.07,54.58,1.44,0,12.56,8.27
"(nan, nan)",7-avr.,0,11,5,0,0,10,0,0,44,30,0,53.65,1.68,0,11.34,8.56,51.57,1.49,0,11.15,0
"(nan, nan)",8-avr.,0,17,2,6,0,4,0,0,39,31,0,54.34,1.69,0,11.22,8.56,52.77,1.46,0,0,0
"(nan, nan)",9-avr.,0,10,0,12,0,0,7,0,32,39,0,54.8,1.59,0,12.31,7.94,52.53,1.48,0,0,11.14
"(nan, nan)",10-avr.,0,20,0,11,0,6,4,0,23,37,0,55.24,1.57,0,12.16,8.22,55.05,1.46,0,12.6,9.93
"(nan, nan)",11-avr.,0,4,7,12,0,0,21,0,25,31,0,55.11,1.61,0,13.87,8.97,51.59,1.51,0,0,9.76
"(nan, nan)",12-avr.,6,19,4,5,0,0,13,0,16,38,0,55.28,1.49,0,13.48,8.38,53.49,1.46,0,11.51,0
"(nan, nan)",13-avr.,12,15,10,1,0,4,8,0,20,29,0,53.81,1.59,0,12.8,8.67,55,1.2,0,11.86,0
"(nan, nan)",14-avr.,9,16,11,3,0,14,9,0,13,24,0,53.12,1.65,0,12.03,8.84,54.4,1.62,0,12.74,9.06
"(nan, nan)",15-avr.,1,15,2,5,11,5,1,0,25,35,0,54.64,1.55,0,11.9,8.07,55.42,1.57,0,12.01,0
"(nan, nan)",16-avr.,5,21,2,4,0,9,0,0,27,32,0,54.17,1.55,0,11.75,7.99,57.17,1.54,0,11.17,0
"(nan, nan)",17-avr.,0,11,7,8,0,8,0,0,21,29,17,53.75,1.55,0,12.87,8.32,56.71,1.32,0,14.42,0
"(nan, nan)",18-avr.,0,25,3,12,0,0,0,0,35,11,13,52.93,1.79,0,12.78,9,54.12,1.5,0,13.29,0
"(nan, nan)",19-avr.,0,4,14,10,0,0,0,0,36,26,10,53.04,1.69,0,11.73,8.96,55.57,1.62,0,12.76,0
"(nan, nan)",20-avr.,0,7,8,12,0,0,0,0,30,27,17,53.61,1.62,0,12.31,8.75,55.19,1.6,0,12.63,0
"(nan, nan)",21-avr.,0,10,12,11,0,7,0,0,25,25,10,53.38,1.63,0,12.28,9.05,54.23,1.55,0,17.33,0
"(nan, nan)",22-avr.,0,16,8,8,0,11,0,0,24,22,11,53.42,1.61,0,12.75,8.93,54.66,1.7,0,11.35,0
"(nan, nan)",23-avr.,0,2,4,10,0,4,0,8,21,26,25,53.65,1.56,0,12.62,8.37,55.76,1.48,0,11.84,0
"(nan, nan)",24-avr.,0,14,0,12,0,5,0,4,19,27,19,55.13,1.6,0,13.01,8.05,53.37,1.8,0,11.67,0
"(nan, nan)",25-avr.,0,7,3,10,0,0,0,14,16,28,22,53.82,1.62,0,12.01,7.37,55.77,1.64,0,13.45,0
"(nan, nan)",26-avr.,0,25,3,15,0,0,0,24,0,26,8,53.91,1.74,0,11.98,6.34,56.95,1.42,0,12.71,0
"(nan, nan)",27-avr.,0,27,0,11,0,0,0,27,0,23,12,53.54,1.72,0,12.42,6.41,53.76,1.73,0,12.32,0
"(nan, nan)",28-avr.,0,2,4,11,0,0,0,39,13,26,6,52.71,1.78,0,10.65,6.32,51.57,1.86,0,13.01,0
"(nan, nan)",29-avr.,0,1,10,13,0,10,0,10,21,24,11,52.82,1.63,0,12.36,8.19,52.01,1.68,0,11.22,0
"(nan, nan)",30-avr.,0,1,10,13,0,10,0,10,21,24,11,53.82,1.64,0,11.48,7.89,54.41,1.14,0,12.83,0
"(nan, 'Mai')",1-mai,0,13,1,10,0,0,0,7,21,20,27,53.59,1.58,3.11,13.19,7.67,51.82,1.52,0,12.62,0
"(nan, nan)",2-mai, - , - , - , - , - , - , - , - , - , - , - ,-,-,-,-,-,-,-,0,-,-
"(nan, nan)",3-mai,0,27,0,9,0,0,0,0,35,18,11,53.28,1.83,3.68,13.03,8.02,50.78,1.9,0,12.46,-
"(nan, nan)",4-mai,0,11,0,9,0,0,0,10,46,25,0,52.35,1.87,3.59,11.61,8.03,52.75,1.48,0,12.48,-
"(nan, nan)",5-mai,0,19,0,12,0,0,0,0,31,27,12,53.98,1.67,2.84,12.83,8.09,53.64,1.62,0,12.24,0
"(nan, nan)",6-mai,0,7,0,25,0,0,0,0,28,26,15,53.44,1.73,3.33,12.56,8.06,52.99,1.94,0,11.27,0
"(nan, nan)",7-mai,7,13,0,22,0,0,0,0,30,23,6,52.83,1.82,3.31,12.28,8.3,53.71,1.88,0,12.51,0
"(nan, nan)",8-mai,2,35,0,17,0,0,0,0,18,24,4,53.25,1.77,3.86,13.33,8.07,55.35,1.67,0,12.13,0
"(nan, nan)",9-mai,3,9,0,21,0,0,0,0,37,29,0,52.98,1.76,3.86,13.33,8.07,53.3,1.54,0,12.62,0
"(nan, nan)",10-mai,5,12,0,21,4,0,0,0,36,22,0,52.68,1.84,3.18,11.85,8.68,55.01,1.73,0,14.26,0
"(nan, nan)",11-mai,5,14,1,10,13,0,0,4,25,26,0,53.44,1.65,3.49,11.46,8.49,52.57,1.47,0,12.96,0
"(nan, nan)",12-mai,4,17,1,13,15,0,0,7,17,25,0,53.07,1.67,3.31,11.66,8.6,51.2,1.62,0,10.85,0
"(nan, nan)",13-mai,4,15,0,13,4,0,0,19,27,19,0,52,1.81,3.29,11.47,8.64,52.84,1.58,0,10.92,0
"(nan, nan)",14-mai,3,20,0,13,7,0,0,19,15,23,0,53.92,1.68,3.51,12.33,8.26,50.65,1.61,0,11.28,0
"(nan, nan)",15-mai,1,14,0,11,11,0,0,18,18,27,0,54.03,1.62,3.4,11.95,8.14,53.16,1.71,0,9.84,0
"(nan, nan)",16-mai,0,8,0,15,9,0,0,22,16,29,0,54.06,1.61,3.3,11.61,8.22,52.39,1.82,0,9.12,0
"(nan, nan)",17-mai,0,11,0,16,9,13,0,4,25,22,0,54.46,1.53,3.05,12.06,8.17,53.75,1.62,0,11.52,0
"(nan, nan)",18-mai,0,10,0,16,0,20,0,0,29,21,4,54.99,1.54,3.5,12.95,7.83,55.16,1.26,0,12.15,0
"(nan, nan)",19-mai,0,14,0,21,0,15,0,0,10,27,12,54.9,1.43,3.51,13.67,7.65,54.37,1.36,0,13.51,0
"(nan, nan)",20-mai,0,14,0,31,0,3,0,14,10,22,6,53.43,1.67,3.52,12.74,8.52,53.77,1.53,0,12.37,0
"(nan, nan)",21-mai,0,9,0,5,0,34,0,16,16,20,0,54.35,1.56,3.39,13.13,6.39,54.92,1.68,0,11.46,0
"(nan, nan)",22-mai,0,1,10,0,0,37,0,19,13,20,0,54.02,1.55,3.12,13.08,6.57,54.88,1.67,0,12.02,0
"(nan, nan)",23-mai,20,4,0,2,0,15,0,19,17,23,0,54.85,1.63,2.57,12.05,6.96,55.74,1.66,0,12.83,0
"(nan, nan)",24-mai,20,13,5,0,0,16,0,8,21,18,0,54.46,1.64,2.51,12,8.17,54.92,1.6,0,10.54,0
"(nan, nan)",25-mai,17,12,5,0,0,15,0,0,33,19,0,54.27,1.61,2.55,11.66,8.78,53.34,1.64,0,11.35,0
"(nan, nan)",26-mai,6,18,4,0,0,31,0,0,27,8,7,53.92,1.57,3.03,13.45,8.77,54.79,1.64,0,14.58,0
"(nan, nan)",27-mai,16,5,0,0,3,39,0,0,20,18,0,54.13,1.67,2.98,13.37,8.11,0,0,0,0,0
"(nan, nan)",28-mai,9,12,3,0,0,33,0,0,15,28,0,53.8,1.56,3,14.18,8.03,0,0,0,0,0
"(nan, nan)",29-mai,0,0,0,0,0,0,0,0,0,0,0,0,0,0,0,0,0,0,0,0,0
"(nan, nan)",30-mai,0,0,0,0,0,0,0,0,0,0,0,0,0,0,0,0,0,0,0,0,0
"(nan, nan)",31-mai,0,0,0,0,0,0,0,0,0,0,0,0,0,0,0,0,0,0,0,0,0
